{
    "grb_info": {
        "name": "GRB 080916C",
        "redshift": 3.0
    },
    "sigma": [
        [
            0.0,
            49.35593140604448,
            63.43694726667761,
            71.3672670307299,
            75.18838122627622,
            76.16571782289171,
            75.89287854923013,
            72.5042286891306,
            68.67446648650275,
            63.092240239450405,
            56.74971952251064,
            48.94724170448715,
            43.20863686961793,
            35.19285580785379,
            30.053682044276947,
            23.63135992336143,
            19.143085182177945,
            15.901589883673402,
            12.76295770365545,
            8.833656199164809
        ],
        [
            0.0,
            0.0,
            40.20854376419394,
            52.2941167393322,
            57.46354101335135,
            59.320869781769254,
            59.83053038831489,
            56.71716157721899,
            53.48822835455464,
            48.22153495123525,
            43.31753504629754,
            36.79674737270175,
            31.51745514064742,
            26.613020036733474,
            20.967964557208813,
            18.054183196108568,
            13.856146683201882,
            11.645157675257105,
            7.9528355689565595,
            7.533658630152901
        ],
        [
            0.0,
            0.0,
            0.0,
            34.13053582803842,
            41.307443689844625,
            44.5906545210603,
            45.813517638784745,
            42.951201239357125,
            41.0115823315763,
            37.21442790634666,
            32.73417721499144,
            27.61695642297123,
            24.193596528044342,
            19.545554972196307,
            15.977094974429269,
            13.279961329405005,
            9.986889636734885,
            7.721032683905944,
            5.489388159432081,
            4.167634682507107
        ],
        [
            0.0,
            0.0,
            0.0,
            0.0,
            25.783976076870648,
            32.57821690300361,
            33.774649418714446,
            31.641265151542306,
            30.391263357562824,
            27.159693721703384,
            23.913067172003007,
            20.32327997732588,
            17.947623269468345,
            14.36144851483495,
            11.700740722637294,
            9.565229879756902,
            7.274587929532123,
            6.784569924937255,
            4.831051165298724,
            4.273092816556643
        ],
        [
            0.0,
            0.0,
            0.0,
            0.0,
            0.0,
            19.964431350669287,
            24.098767946927484,
            24.99803511177081,
            24.002010668668163,
            20.028302063421755,
            17.418874392374722,
            14.336377547715871,
            11.852250120010327,
            10.116197690745953,
            8.230340160176008,
            6.6380286715206624,
            5.198360946632238,
            3.4655606761312128,
            3.7918176882410988,
            3.1686488346442667
        ],
        [
            0.0,
            0.0,
            0.0,
            0.0,
            0.0,
            0.0,
            14.29598941160908,
            17.52817564907905,
            15.969237087685421,
            14.88745044478345,
            13.555417056187546,
            13.040104775749517,
            11.327139128581987,
            9.393371565639631,
            8.088638225395611,
            7.054569827787296,
            6.552924791684009,
            5.034761364515002,
            4.076016625906159,
            4.559645449029742
        ],
        [
            0.0,
            0.0,
            0.0,
            0.0,
            0.0,
            0.0,
            0.0,
            7.98034136781192,
            11.00397863616075,
            11.286759855985594,
            9.916617462563416,
            9.977130289271676,
            8.796431608911782,
            7.370367393102922,
            6.442947649632644,
            5.744128099014461,
            5.527681818878658,
            4.219798002004796,
            3.4279360430434025,
            4.04521269157153
        ],
        [
            0.0,
            0.0,
            0.0,
            0.0,
            0.0,
            0.0,
            0.0,
            0.0,
            4.785428592091883,
            7.419423424942062,
            7.395310111693755,
            6.380038922162129,
            6.6309703318578554,
            5.877525241893761,
            5.222218620039247,
            4.691891373315004,
            3.776014515330559,
            3.615601423550356,
            2.963177532354937,
            3.67596084361048
        ],
        [
            0.0,
            0.0,
            0.0,
            0.0,
            0.0,
            0.0,
            0.0,
            0.0,
            0.0,
            3.569844072340549,
            2.5420013055822808,
            4.162894980639325,
            2.9524172152015606,
            3.0616468732045194,
            3.474064521957439,
            3.1169188602651072,
            3.3081220700212706,
            2.27483964734081,
            2.213742399242506,
            2.4791822833253536
        ],
        [
            0.0,
            0.0,
            0.0,
            0.0,
            0.0,
            0.0,
            0.0,
            0.0,
            0.0,
            0.0,
            2.106001798345393,
            2.804815140254261,
            1.9911890369175198,
            0.8734241564252997,
            -0.5385480434490134,
            1.2629231188101837,
            1.7074060603277652,
            2.052324603773153,
            1.892769456706651,
            1.746929066761493
        ],
        [
            0.0,
            0.0,
            0.0,
            0.0,
            0.0,
            0.0,
            0.0,
            0.0,
            0.0,
            0.0,
            0.0,
            0.7703576025070817,
            1.089239678473874,
            1.8431034566153073,
            1.111878329315326,
            0.6592610261896886,
            1.2339467202241337,
            0.7429517377280161,
            -0.506358553290315,
            -1.4642513092783986
        ],
        [
            0.0,
            0.0,
            0.0,
            0.0,
            0.0,
            0.0,
            0.0,
            0.0,
            0.0,
            0.0,
            0.0,
            0.0,
            0.2360688489918915,
            0.9622343963988723,
            1.3616367823296809,
            1.2508472973829496,
            1.2190664994642413,
            0.6610156459654282,
            0.5924792620833935,
            0.8931125775763479
        ],
        [
            0.0,
            0.0,
            0.0,
            0.0,
            0.0,
            0.0,
            0.0,
            0.0,
            0.0,
            0.0,
            0.0,
            0.0,
            0.0,
            -1.6194537471333919,
            -0.21068756868719946,
            0.023092574027625858,
            0.37252578854085355,
            0.5491595681887785,
            0.4988965972216936,
            0.8522143612421963
        ],
        [
            0.0,
            0.0,
            0.0,
            0.0,
            0.0,
            0.0,
            0.0,
            0.0,
            0.0,
            0.0,
            0.0,
            0.0,
            0.0,
            0.0,
            2.377761522749944,
            -1.5772280440999369,
            -0.3720082585674828,
            -0.342997234708184,
            0.5124723385520588,
            0.48282021642011436
        ],
        [
            0.0,
            0.0,
            0.0,
            0.0,
            0.0,
            0.0,
            0.0,
            0.0,
            0.0,
            0.0,
            0.0,
            0.0,
            0.0,
            0.0,
            0.0,
            0.6577882557625366,
