{
    "grb_info": {
        "name": "GRB 080916C",
        "redshift": 3.0
    },
    "sigma": [
        [
            0.0,
            49.52570998178566,
            62.83751270176665,
            69.68029396630507,
            73.99117442659879,
            73.94175748791798,
            74.1661599437415,
            69.39798144405376,
            66.51866665333593,
            61.78885722274126,
            56.25584191595318,
            49.45912839625594,
            42.72366655237862,
            35.351388857617046,
            29.921086838973373,
            23.041418012052613,
            19.500704133377603,
            14.436646531569865,
            11.23135975852175,
            9.12775927205448
        ],
        [
            0.0,
            0.0,
            39.53705009104657,
            51.13231615922315,
            57.16063387930308,
            58.38484070698175,
            56.79707984888408,
            54.59864311864907,
            52.219803942768245,
            47.00868482480494,
            42.32367961808389,
            36.06022879600134,
            31.471008883537316,
            25.287771128643012,
            19.184779391693777,
            17.255106119531305,
            13.576571046241035,
            10.625745063968722,
            11.408557543388802,
            6.823946313878239
        ],
        [
            0.0,
            0.0,
            0.0,
            31.380582151959327,
            38.82365471446858,
            44.19654723658527,
            45.479480150538365,
            43.43702967230547,
            41.76334499420934,
            36.56428872448263,
            31.417656794654764,
            28.052613246230514,
            22.67649205260075,
            19.162403387844513,
            15.18249435158573,
            12.329024279031678,
            11.234673880893515,
            7.741509857292112,
            5.875142968822933,
            3.9774605592199044
        ],
        [
            0.0,
            0.0,
            0.0,
            0.0,
            25.44919827209082,
            30.135807788706757,
            33.75457363386676,
            31.322903333154713,
            31.69821914411394,
            26.77434976325792,
            22.647644081481488,
            19.162351879039033,
            17.23862331705034,
            12.473703514919782,
            11.591198091337896,
            8.075190658592213,
            7.699690530170374,
            5.010261540856267,
            3.0804508382445306,
            3.852424643609291
        ],
        [
            0.0,
            0.0,
            0.0,
            0.0,
            0.0,
            18.345616692278778,
            20.08037978034414,
            23.423063650322707,
            21.272873904032586,
            19.250383707549393,
            15.942476617269422,
            14.713207907174656,
            10.977848129093891,
            9.984360034179124,
            6.5247079349972195,
            7.305113840780812,
            4.894259178509924,
            4.717549395814654,
            3.7670551313367273,
            2.5535136165681274
        ],
        [
            0.0,
            0.0,
            0.0,
            0.0,
            0.0,
            0.0,
            14.508879017612541,
            14.482046830477643,
            12.936951762257019,
            12.36083858450964,
            10.578332922730384,
            12.887647633709117,
            7.542785162306512,
            7.226877826792132,
            5.452847261371119,
            4.8638861863221665,
            2.24061854584714,
            1.4044286221296483,
            3.2123066066153347,
            1.2609781449319852
        ],
        [
            0.0,
            0.0,
            0.0,
            0.0,
            0.0,
            0.0,
            0.0,
            7.942334196208056,
            8.870095932381048,
            9.49344781377542,
            6.6141133372440555,
            7.0516371449257225,
            5.264919865197778,
            4.41521036283884,
            5.292217015412218,
            3.389453632097411,
            3.137660617259872,
            1.8814865089155828,
            0.6936926847851058,
            -0.7231416210021565
        ],
        [
            0.0,
            0.0,
            0.0,
            0.0,
            0.0,
            0.0,
            0.0,
            0.0,
            4.945556545823527,
            4.900138762491042,
            6.419431519939988,
            6.019636409994734,
            2.852757937159591,
            3.58900080586228,
            2.012740024124336,
            1.7004670596844602,
            1.418951696815878,
            1.9773464529311036,
            2.0053990828778487,
            1.1392120700527468
        ],
        [
            0.0,
            0.0,
            0.0,
            0.0,
            0.0,
            0.0,
            0.0,
            0.0,
            0.0,
            2.387639736037894,
            4.1857260877067635,
            3.10407217921488,
            2.0002041320057242,
            1.392679077827569,
            2.598911748779954,
            2.4024525699636827,
            0.8571740681840138,
            1.4334798767358885,
            0.5248827336907986,
            1.3275677496957998
        ],
        [
            0.0,
            0.0,
            0.0,
            0.0,
            0.0,
            0.0,
            0.0,
            0.0,
            0.0,
            0.0,
            4.133524438769015,
            -0.2581542832345494,
            2.055211495971007,
            0.3575597682645915,
            0.8894340043998684,
            1.9499858869525954,
            -0.3374905167846119,
            0.6749668348966339,
            0.7640361501158844,
            1.0700870890535397
        ],
        [
            0.0,
            0.0,
            0.0,
            0.0,
            0.0,
            0.0,
            0.0,
            0.0,
            0.0,
            0.0,
            0.0,
            0.6833681649926823,
            -1.9399194355263683,
            1.646954489398691,
            1.3044300480342519,
            2.498148866741242,
            0.7082755526070643,
            2.4214830419554576,
            1.226106603015829,
            -0.47480563679686005
        ],
        [
            0.0,
            0.0,
            0.0,
            0.0,
            0.0,
            0.0,
            0.0,
            0.0,
            0.0,
            0.0,
            0.0,
            0.0,
            0.5530244481578543,
            2.910583637099626,
            0.18218548194672554,
            1.31899817381996,
            -1.0288792087014678,
            1.3449297897548782,
            0.4659442949616821,
            0.27767008792672326
        ],
        [
            0.0,
            0.0,
            0.0,
            0.0,
            0.0,
            0.0,
            0.0,
            0.0,
            0.0,
            0.0,
            0.0,
            0.0,
            0.0,
            0.598580805694843,
            0.49165905483881367,
            0.01385167933980201,
            -0.615244516440629,
            -1.797061649411505,
            1.7867860530005246,
            1.821410348959921
        ],
        [
            0.0,
            0.0,
            0.0,
            0.0,
            0.0,
            0.0,
            0.0,
            0.0,
            0.0,
            0.0,
            0.0,
            0.0,
            0.0,
            0.0,
            -0.4391243048081957,
            1.1320051390804082,
            -0.6399140320309366,
            -0.37665800773837704,
            0.021819515235043413,
            0.25497637687082764
        ],
        [
            0.0,
            0.0,
            0.0,
            0.0,
            0.0,
            0.0,
            0.0,
            0.0,
            0.0,
            0.0,
            0.0,
            0.0,
            0.0,
            0.0,
            0.0,
            -0.764475667106083,
